Date,"Views"
"April 3, 2026",
"April 2, 2026",
"April 1, 2026",
"March 31, 2026",0
"March 30, 2026",0
"March 29, 2026",1
"March 28, 2026",1
"March 27, 2026",1
"March 26, 2026",0
"March 25, 2026",0
"March 24, 2026",0
"March 23, 2026",0
"March 22, 2026",1
"March 21, 2026",2
"March 20, 2026",0
"March 19, 2026",0
"March 18, 2026",0
"March 17, 2026",0
"March 16, 2026",0
"March 15, 2026",1
"March 14, 2026",1
"March 13, 2026",1
"March 12, 2026",0
"March 11, 2026",0
"March 10, 2026",0
"March 9, 2026",0
"March 8, 2026",0
"March 7, 2026",0
"March 6, 2026",0
"March 5, 2026",0
"March 4, 2026",1
"March 3, 2026",0
"March 2, 2026",1
"March 1, 2026",1
"February 28, 2026",0
"February 27, 2026",0
"February 26, 2026",0
"February 25, 2026",0
"February 24, 2026",0
"February 23, 2026",1
"February 22, 2026",1
"February 21, 2026",0
"February 20, 2026",1
"February 19, 2026",1
"February 18, 2026",1
"February 17, 2026",0
"February 16, 2026",0
"February 15, 2026",0
"February 14, 2026",0
"February 13, 2026",0
"February 12, 2026",0
"February 11, 2026",0
"February 10, 2026",1
"February 9, 2026",1
"February 8, 2026",0
"February 7, 2026",0
"February 6, 2026",0
"February 5, 2026",0
"February 4, 2026",1
"February 3, 2026",0
"February 2, 2026",0
"February 1, 2026",0
"January 31, 2026",0
"January 30, 2026",0
"January 29, 2026",0
"January 28, 2026",0
"January 27, 2026",1
"January 26, 2026",0
"January 25, 2026",0
"January 24, 2026",0
"January 23, 2026",0
"January 22, 2026",0
"January 21, 2026",0
"January 20, 2026",1
"January 19, 2026",0
"January 18, 2026",0
"January 17, 2026",0
"January 16, 2026",0
"January 15, 2026",0
"January 14, 2026",0
"January 13, 2026",0
"January 12, 2026",0
"January 11, 2026",0
"January 10, 2026",0
"January 9, 2026",1
"January 8, 2026",0
"January 7, 2026",0
"January 6, 2026",0
"January 5, 2026",0
"January 4, 2026",0
"January 3, 2026",2
"January 2, 2026",1
"January 1, 2026",0
