Search Term,Total Users
(not set),30903
trolley,6
dog,4
el caminante,3
fishing,3
blog,2
dogs,2
funicular,2
laguna cliffs,2
ohana,2
pictures,2
tea,2
whale,2
/restaurants-dining/harbor-house-cafe/,1
/spring-tea-at-the-ritz-carlton,1
Beach,1
Doheny State Beach,1
Donation,1
LAGUNA BEACH,1
Laguna Beach,1
Spa services,1
The Ritz Carlton Laguna Niguel,1
afternoon tea,1
apizza,1
baby,1
baby beach,1
bars,1
beach camera,1
"beaches ",1
best resort i Dana beach,1
bike rentals,1
black,1
bon fire,1
bus,1
camera,1
catalina island,1
coastal ex,1
coastal explorer,1
coastal explorer usa,1
coffee places,1
concert,1
"dana point ",1
"directions ",1
dog friendly beach,1
drawing,1
easter brunch,1
elephants,1
facials,1
fairy,1
farmers,1
farmers market,1
"farmers market ",1
farmers markwt,1
february 2026,1
finance depsrtment,1
firepit rentals,1
florist,1
funeral homes,1
harbor walk,1
harpoon,1
haze,1
hours,1
how do i sell my plants at the farmers market,1
interpretive,1
jobs,1
laguna cliffs marriott,1
lantern bay park,1
left coast,1
luxury,1
maison,1
meetings incentive,1
nature int,1
newsletter,1
ocean institute,1
parking,1
parking pass,1
pets,1
phone number,1
pickleball,1
pirates cove,1
place to live,1
public transportation,1
rhinos,1
ritz carlton,1
romantic dinners,1
salt creek,1
salt creek beach,1
security workshop,1
"senior parking discounts ",1
sorrento,1
spa,1
spa treatments,1
staff,1
strand camera,1
strands,1
summer,1
summer camp,1
surf,1
thing to do baby,1
tide pool hike,1
tide pools,1
trails,1
trolley Rental,1
trolly,1
uggs children,1
valentines,1
valentines menu,1
vendor application,1
visitor guide,1
visitors guide,1
walking,1
"weekly music class ",1
welcome whales ceremony,1
whale wat,1
whale watching,1
wharf,1
"wine cruise ",1